Price,Close,High,Low,Open,Volume
Ticker,^WIG20,^WIG20,^WIG20,^WIG20,^WIG20
Date,,,,,
2018-01-03,2463.25,2474.760009765625,2430.68994140625,2463.260009765625,20064100
2018-01-04,2533.169921875,2536.840087890625,2473.22998046875,2473.22998046875,29545300
2018-01-05,2529.550048828125,2538.340087890625,2514.090087890625,2530.77001953125,24112300
2018-01-08,2548.610107421875,2551.320068359375,2529.449951171875,2534.530029296875,19512200
2018-01-09,2528.3798828125,2555.68994140625,2522.2099609375,2552.5,23262200
2018-01-10,2511.27001953125,2531.60009765625,2499.760009765625,2531.050048828125,20258100
2018-01-11,2534.56005859375,2534.56005859375,2504.669921875,2517.35009765625,23852800
2018-01-12,2539.2900390625,2550.7900390625,2527.02001953125,2536.81005859375,16816700
2018-01-16,2591.10009765625,2602.340087890625,2529.679931640625,2541.610107421875,29768100
2018-01-17,2600.3701171875,2606.590087890625,2584.68994140625,2587.719970703125,19989900
2018-01-18,2591.219970703125,2610.6298828125,2591.219970703125,2604.7900390625,17179200
2018-01-19,2601.820068359375,2604.4599609375,2589.889892578125,2592.75,14466300
2018-01-22,2620.8701171875,2621.929931640625,2599.949951171875,2600.43994140625,16604100
2018-01-23,2630.3701171875,2650.159912109375,2613.070068359375,2629.530029296875,27657400
2018-01-24,2621.590087890625,2630.2099609375,2606.340087890625,2629.39990234375,18730600
2018-01-25,2589.300048828125,2616.469970703125,2587.949951171875,2614.919921875,20294900
2018-01-26,2600.47998046875,2601.989990234375,2587.260009765625,2592.22998046875,18613100
2018-01-29,2593.39990234375,2607.830078125,2583.39990234375,2599.199951171875,14025500
2018-01-30,2566.139892578125,2581.75,2557.590087890625,2581.75,17231900
2018-01-31,2553.81005859375,2577.47998046875,2553.81005859375,2565.2900390625,17448700
2018-02-01,2534.2099609375,2580.22998046875,2511.050048828125,2558.830078125,17000800
2018-02-02,2507.239990234375,2530.02001953125,2502.949951171875,2526.550048828125,17211800
2018-02-05,2505.97998046875,2508.699951171875,2482.56005859375,2492.389892578125,17405700
2018-02-06,2412.030029296875,2450.469970703125,2401.889892578125,2445.530029296875,31515400
2018-02-07,2441.669921875,2441.669921875,2421.18994140625,2426.889892578125,25891500
2018-02-08,2406.47998046875,2445.800048828125,2406.47998046875,2440.2900390625,20409100
2018-02-09,2382.7900390625,2409.639892578125,2375.409912109375,2396.780029296875,31391000
2018-02-12,2414.409912109375,2430.8798828125,2402.179931640625,2402.179931640625,14860000
2018-02-13,2431.669921875,2431.669921875,2416.22998046875,2417.64990234375,18703900
2018-02-14,2449.7900390625,2449.7900390625,2413.7900390625,2439.1201171875,18966600
2018-02-15,2423.570068359375,2473.580078125,2423.570068359375,2461.14990234375,17393400
2018-02-16,2406.9599609375,2448.610107421875,2396.5400390625,2445.39990234375,13042400
2018-02-20,2413.22998046875,2415.330078125,2392.159912109375,2404.56005859375,7700000
2018-02-21,2405.469970703125,2411.070068359375,2392.7099609375,2409.27001953125,17605400
2018-02-22,2410.68994140625,2416.419921875,2372.06005859375,2389.8701171875,25447300
2018-02-23,2406.110107421875,2427.260009765625,2393.610107421875,2412.409912109375,15526600
2018-02-26,2408.6298828125,2429.679931640625,2403.090087890625,2418.02001953125,11481300
2018-02-27,2421.510009765625,2429.64990234375,2411.489990234375,2417.070068359375,23221600
2018-02-28,2364.320068359375,2410.7099609375,2364.320068359375,2410.7099609375,33909500
2018-03-01,2334.9599609375,2365.510009765625,2316.6298828125,2361.72998046875,29167400
2018-03-02,2314.22998046875,2330.14990234375,2298.68994140625,2327.97998046875,22494700
2018-03-05,2330.10009765625,2330.10009765625,2296.47998046875,2303.10009765625,13597800
2018-03-06,2339.510009765625,2351.070068359375,2331.300048828125,2344.5400390625,18267700
2018-03-07,2359.570068359375,2363.3798828125,2317.419921875,2327.3701171875,24585300
2018-03-08,2322.090087890625,2362.530029296875,2320.2099609375,2362.530029296875,22347900
2018-03-09,2354.5400390625,2354.5400390625,2295.8701171875,2322.030029296875,23162000
2018-03-12,2378.719970703125,2380.47998046875,2359.56005859375,2362.6201171875,16650300
2018-03-13,2353.02001953125,2380.1201171875,2349.35009765625,2379.280029296875,23267500
2018-03-14,2335.969970703125,2355.06005859375,2332.47998046875,2353.739990234375,27697300
2018-03-15,2321.8701171875,2354.449951171875,2319.469970703125,2343.780029296875,20418700
2018-03-16,2285.080078125,2324.409912109375,2280.75,2320.18994140625,60393800
2018-03-19,2248.530029296875,2291.0,2248.530029296875,2285.139892578125,15709700
2018-03-20,2272.090087890625,2278.68994140625,2237.9599609375,2250.260009765625,21511900
2018-03-21,2320.77001953125,2322.93994140625,2268.8701171875,2268.8701171875,25643000
2018-03-22,2274.10009765625,2329.5400390625,2266.9599609375,2313.070068359375,27733400
2018-03-23,2257.219970703125,2265.159912109375,2230.8701171875,2254.8798828125,21505800
2018-03-26,2240.64990234375,2270.449951171875,2238.739990234375,2260.830078125,16282600
2018-03-27,2246.320068359375,2283.330078125,2246.320068359375,2258.97998046875,18456700
2018-03-28,2203.699951171875,2238.85009765625,2192.909912109375,2238.85009765625,27774300
2018-03-29,2210.3798828125,2227.06005859375,2210.260009765625,2215.93994140625,16791100
2018-04-03,2239.14990234375,2249.39990234375,2199.530029296875,2211.169921875,18353800
2018-04-04,2200.989990234375,2238.25,2197.989990234375,2238.25,20107300
2018-04-05,2243.580078125,2247.25,2222.860107421875,2222.860107421875,16411900
2018-04-06,2258.800048828125,2268.219970703125,2231.610107421875,2244.330078125,16409100
2018-04-09,2262.159912109375,2288.199951171875,2248.22998046875,2261.719970703125,22336100
2018-04-10,2274.81005859375,2287.35009765625,2253.64990234375,2280.2099609375,29482300
2018-04-11,2271.929931640625,2287.530029296875,2254.199951171875,2274.219970703125,24446100
2018-04-12,2306.43994140625,2310.669921875,2267.989990234375,2270.780029296875,21257600
2018-04-13,2310.320068359375,2321.969970703125,2304.719970703125,2310.75,17966000
2018-04-16,2300.199951171875,2313.9599609375,2291.080078125,2311.1298828125,10362100
2018-04-17,2307.949951171875,2310.610107421875,2291.389892578125,2304.580078125,16128500
2018-04-18,2315.5,2316.06005859375,2293.110107421875,2306.429931640625,20334600
2018-04-19,2324.72998046875,2341.93994140625,2308.030029296875,2310.93994140625,16498100
2018-04-20,2298.199951171875,2334.219970703125,2298.199951171875,2322.320068359375,20806800
2018-04-23,2291.590087890625,2309.340087890625,2289.679931640625,2299.31005859375,17105800
2018-04-24,2269.06005859375,2315.260009765625,2269.06005859375,2296.239990234375,20312900
2018-04-25,2257.0,2276.969970703125,2253.14990234375,2266.8798828125,19852300
2018-04-26,2283.14990234375,2284.31005859375,2253.300048828125,2257.110107421875,18299300
2018-04-27,2276.409912109375,2291.14990234375,2271.050048828125,2286.489990234375,15901200
2018-04-30,2291.8701171875,2298.22998046875,2277.110107421875,2277.25,11751200
2018-05-02,2291.919921875,2306.050048828125,2284.35009765625,2291.8701171875,14621700
2018-05-04,2233.35009765625,2280.5,2227.93994140625,2280.5,17736500
2018-05-07,2214.360107421875,2251.419921875,2213.06005859375,2242.800048828125,11153000
2018-05-08,2236.39990234375,2236.39990234375,2210.679931640625,2215.6201171875,25937900
2018-05-09,2281.1201171875,2282.0,2236.489990234375,2236.489990234375,21657900
2018-05-10,2302.7099609375,2311.550048828125,2279.409912109375,2292.110107421875,25749100
2018-05-11,2329.360107421875,2329.360107421875,2299.43994140625,2303.969970703125,16268500
2018-05-14,2321.090087890625,2333.070068359375,2308.969970703125,2328.580078125,14606000
2018-05-15,2276.449951171875,2311.7099609375,2273.5,2311.7099609375,35922000
2018-05-16,2275.909912109375,2278.9599609375,2254.8798828125,2278.9599609375,20382400
2018-05-17,2255.780029296875,2280.219970703125,2253.60009765625,2269.5400390625,23075800
2018-05-18,2230.320068359375,2268.610107421875,2222.169921875,2256.14990234375,21145200
2018-05-21,2268.389892578125,2272.610107421875,2231.469970703125,2231.469970703125,16343100
2018-05-22,2248.7099609375,2269.14990234375,2237.659912109375,2267.8798828125,19023800
2018-05-23,2209.320068359375,2242.18994140625,2200.81005859375,2242.18994140625,27692100
2018-05-24,2213.260009765625,2241.429931640625,2208.719970703125,2212.22998046875,29258300
2018-05-25,2213.239990234375,2226.0,2196.02001953125,2216.489990234375,28802500
2018-05-29,2191.949951171875,2208.64990234375,2161.35009765625,2208.64990234375,35220600
2018-05-30,2157.070068359375,2186.580078125,2151.5,2186.580078125,154593700
2018-06-01,2190.260009765625,2190.260009765625,2144.72998046875,2158.0,29230400
2018-06-04,2210.10009765625,2221.050048828125,2198.35009765625,2198.4599609375,20086500
2018-06-05,2255.949951171875,2255.949951171875,2197.3798828125,2217.10009765625,23424500
2018-06-06,2256.669921875,2266.110107421875,2247.02001953125,2259.340087890625,22912500
2018-06-07,2270.75,2287.02001953125,2260.169921875,2267.320068359375,23839400
2018-06-08,2250.06005859375,2260.530029296875,2244.419921875,2260.530029296875,17020400
2018-06-11,2234.52001953125,2266.2900390625,2229.679931640625,2259.610107421875,13473700
2018-06-12,2252.389892578125,2256.6298828125,2235.840087890625,2237.530029296875,17157400
2018-06-13,2238.93994140625,2256.860107421875,2227.139892578125,2256.860107421875,23052100
2018-06-14,2238.389892578125,2247.989990234375,2219.840087890625,2232.510009765625,17673500
2018-06-15,2203.010009765625,2245.1201171875,2203.010009765625,2240.090087890625,46187000
2018-06-18,2150.97998046875,2209.5,2146.340087890625,2203.75,15056700
2018-06-19,2120.75,2137.659912109375,2108.10009765625,2137.659912109375,22753500
2018-06-20,2154.179931640625,2176.4599609375,2126.9599609375,2126.9599609375,16167300
2018-06-21,2150.909912109375,2167.56005859375,2127.919921875,2159.389892578125,19297200
2018-06-22,2162.8798828125,2174.14990234375,2155.02001953125,2158.1298828125,20467100
2018-06-25,2155.89990234375,2177.64990234375,2149.030029296875,2154.929931640625,18034700
2018-06-26,2153.39990234375,2174.110107421875,2151.81005859375,2156.239990234375,17698400
2018-06-27,2143.25,2154.8701171875,2129.800048828125,2149.330078125,18836000
2018-06-28,2098.75,2141.7099609375,2096.929931640625,2141.7099609375,19050700
2018-06-29,2135.469970703125,2135.469970703125,2111.050048828125,2111.050048828125,21301300
2018-07-02,2119.31005859375,2125.110107421875,2097.760009765625,2119.699951171875,15361100
2018-07-03,2160.239990234375,2162.030029296875,2123.68994140625,2125.360107421875,11992600
2018-07-05,2156.590087890625,2184.320068359375,2154.510009765625,2164.27001953125,13498900
2018-07-06,2152.06005859375,2165.14990234375,2148.830078125,2158.239990234375,13838200
2018-07-09,2151.699951171875,2174.68994140625,2141.139892578125,2162.6201171875,10895600
2018-07-10,2177.669921875,2194.860107421875,2144.659912109375,2154.320068359375,20204100
2018-07-11,2154.280029296875,2171.8701171875,2150.8798828125,2171.8701171875,13563200
2018-07-12,2161.199951171875,2169.93994140625,2157.489990234375,2160.1298828125,12805100
2018-07-13,2157.139892578125,2173.75,2147.659912109375,2169.3701171875,10940400
2018-07-16,2133.97998046875,2165.929931640625,2133.97998046875,2155.14990234375,9284900
2018-07-17,2153.2099609375,2154.6201171875,2132.06005859375,2141.570068359375,15977300
2018-07-18,2149.1201171875,2167.0400390625,2140.81005859375,2155.27001953125,15248900
2018-07-19,2146.820068359375,2150.639892578125,2127.360107421875,2137.60009765625,19317000
2018-07-20,2182.919921875,2182.919921875,2138.679931640625,2142.090087890625,23789700
2018-07-23,2204.530029296875,2213.8798828125,2184.77001953125,2189.199951171875,17217400
2018-07-24,2244.27001953125,2249.280029296875,2209.64990234375,2209.64990234375,20767300
2018-07-25,2260.699951171875,2268.199951171875,2236.6298828125,2250.610107421875,14784400
2018-07-26,2304.669921875,2309.860107421875,2263.9599609375,2263.9599609375,21108800
2018-07-27,2290.77001953125,2309.179931640625,2285.080078125,2306.429931640625,13393000
2018-07-30,2327.77001953125,2327.77001953125,2281.260009765625,2289.22998046875,15202500
2018-07-31,2302.1298828125,2327.199951171875,2294.89990234375,2322.889892578125,21795700
2018-08-01,2315.47998046875,2315.47998046875,2278.5400390625,2304.0400390625,18690100
2018-08-02,2283.93994140625,2309.85009765625,2278.43994140625,2309.85009765625,14500300
2018-08-03,2286.919921875,2301.969970703125,2277.56005859375,2284.280029296875,10357000
2018-08-06,2295.820068359375,2295.820068359375,2267.300048828125,2290.10009765625,8153000
2018-08-07,2304.110107421875,2309.590087890625,2291.679931640625,2295.300048828125,11478300
2018-08-08,2307.1201171875,2331.7900390625,2301.110107421875,2321.550048828125,20746700
2018-08-09,2324.72998046875,2324.72998046875,2292.389892578125,2308.43994140625,12828800
2018-08-10,2247.14990234375,2308.64990234375,2247.14990234375,2308.64990234375,23963200
2018-08-13,2260.8798828125,2271.340087890625,2230.72998046875,2243.429931640625,16007800
2018-08-14,2272.72998046875,2285.8701171875,2252.280029296875,2268.699951171875,12276600
2018-08-16,2262.10009765625,2268.239990234375,2244.419921875,2262.449951171875,18248000
2018-08-17,2217.739990234375,2265.389892578125,2217.739990234375,2265.389892578125,15598900
2018-08-20,2236.080078125,2243.7099609375,2225.550048828125,2225.550048828125,16010500
2018-08-21,2281.02001953125,2286.18994140625,2241.25,2241.25,13633700
2018-08-22,2295.6298828125,2308.85009765625,2272.719970703125,2275.860107421875,20206300
2018-08-23,2322.860107421875,2331.929931640625,2285.590087890625,2295.139892578125,26695900
2018-08-24,2312.699951171875,2322.93994140625,2308.449951171875,2322.93994140625,15327200
2018-08-27,2369.969970703125,2372.830078125,2318.85009765625,2318.85009765625,17354200
2018-08-28,2390.419921875,2395.77001953125,2361.780029296875,2374.800048828125,18884600
2018-08-29,2380.679931640625,2390.360107421875,2375.469970703125,2386.530029296875,25182700
2018-08-30,2353.919921875,2387.64990234375,2352.669921875,2381.64990234375,24059400
2018-08-31,2337.9599609375,2352.699951171875,2333.3701171875,2348.60009765625,23080700
2018-09-04,2321.239990234375,2377.02001953125,2312.1298828125,2361.389892578125,24435100
2018-09-05,2295.510009765625,2325.389892578125,2295.510009765625,2320.800048828125,31119700
2018-09-06,2293.010009765625,2313.510009765625,2290.72998046875,2291.669921875,21716500
2018-09-07,2257.300048828125,2303.909912109375,2253.469970703125,2294.97998046875,23296000
2018-09-10,2270.830078125,2274.9599609375,2251.919921875,2258.760009765625,18428700
2018-09-11,2248.35009765625,2271.929931640625,2234.3798828125,2262.7900390625,27095100
2018-09-12,2210.159912109375,2264.81005859375,2210.159912109375,2252.169921875,37156600
2018-09-13,2233.4599609375,2250.110107421875,2213.260009765625,2213.260009765625,22894900
2018-09-14,2232.070068359375,2250.02001953125,2217.530029296875,2243.409912109375,16381700
2018-09-17,2210.989990234375,2231.989990234375,2209.3701171875,2230.429931640625,20937100
2018-09-18,2231.0400390625,2248.510009765625,2209.739990234375,2209.739990234375,19827100
2018-09-19,2259.10009765625,2269.889892578125,2221.570068359375,2239.489990234375,30941100
2018-09-20,2258.6298828125,2272.239990234375,2253.60009765625,2261.409912109375,25880400
2018-09-21,2257.469970703125,2286.760009765625,2256.52001953125,2266.9599609375,139258900
2018-09-24,2280.60009765625,2283.580078125,2261.64990234375,2261.64990234375,22938000
2018-09-25,2290.18994140625,2310.949951171875,2280.159912109375,2285.800048828125,19841200
2018-09-26,2304.449951171875,2304.449951171875,2285.300048828125,2292.72998046875,18361600
2018-09-27,2315.070068359375,2315.070068359375,2284.489990234375,2300.580078125,20336800
2018-09-28,2285.110107421875,2310.3701171875,2258.469970703125,2304.239990234375,26357700
2018-10-01,2284.010009765625,2320.97998046875,2281.780029296875,2290.800048828125,13505600
2018-10-02,2280.0400390625,2280.0400390625,2259.3798828125,2272.4599609375,16732100
2018-10-03,2298.199951171875,2305.090087890625,2283.550048828125,2288.110107421875,23588300
2018-10-04,2275.64990234375,2297.06005859375,2268.780029296875,2289.1298828125,25716300
2018-10-05,2264.199951171875,2278.81005859375,2256.830078125,2275.35009765625,22928100
2018-10-08,2224.1298828125,2259.7099609375,2224.1298828125,2259.7099609375,16953400
2018-10-09,2251.320068359375,2257.31005859375,2220.1201171875,2221.830078125,18518100
2018-10-10,2197.340087890625,2257.030029296875,2192.510009765625,2254.219970703125,21633300
2018-10-11,2159.8798828125,2181.010009765625,2144.0,2170.3701171875,24984100
2018-10-12,2186.6201171875,2195.330078125,2174.35009765625,2174.35009765625,23231500
2018-10-15,2170.050048828125,2194.5,2164.360107421875,2192.169921875,16954000
2018-10-16,2216.800048828125,2216.800048828125,2176.489990234375,2176.489990234375,21431500
2018-10-17,2199.530029296875,2234.080078125,2184.030029296875,2225.110107421875,22745900
2018-10-18,2188.10009765625,2207.429931640625,2180.35009765625,2197.469970703125,16458000
2018-10-19,2196.989990234375,2202.159912109375,2167.2099609375,2190.10009765625,16129700
2018-10-22,2193.080078125,2211.52001953125,2179.330078125,2203.22998046875,16050400
2018-10-23,2147.81005859375,2178.469970703125,2147.81005859375,2178.469970703125,18726100
2018-10-24,2144.39990234375,2162.719970703125,2144.39990234375,2152.52001953125,19186000
2018-10-25,2142.68994140625,2144.860107421875,2111.639892578125,2124.469970703125,19796100
2018-10-26,2082.77001953125,2139.89990234375,2082.77001953125,2139.89990234375,17377400
2018-10-29,2103.719970703125,2118.47998046875,2089.39990234375,2089.530029296875,13487700
2018-10-30,2122.72998046875,2122.72998046875,2092.179931640625,2104.5,14625000
2018-10-31,2151.8798828125,2151.8798828125,2132.0,2132.0,29269200
2018-11-02,2197.679931640625,2208.489990234375,2169.6201171875,2169.6201171875,21981500
2018-11-05,2233.739990234375,2234.7900390625,2188.989990234375,2196.64990234375,14823400
2018-11-06,2230.340087890625,2239.199951171875,2214.469970703125,2237.840087890625,16133600
2018-11-07,2276.64990234375,2282.590087890625,2227.530029296875,2227.659912109375,24086000
2018-11-08,2262.840087890625,2294.14990234375,2258.18994140625,2280.10009765625,21315000
2018-11-09,2232.25,2259.659912109375,2223.949951171875,2259.659912109375,16060700
2018-11-13,2217.969970703125,2242.909912109375,2209.340087890625,2230.909912109375,17711700
2018-11-14,2231.89990234375,2243.419921875,2191.97998046875,2206.3798828125,24128600
2018-11-15,2202.909912109375,2254.489990234375,2202.909912109375,2237.43994140625,34342600
2018-11-16,2165.4599609375,2221.68994140625,2137.4599609375,2208.77001953125,39156300
2018-11-19,2189.72998046875,2189.72998046875,2152.580078125,2173.199951171875,26461200
2018-11-20,2160.570068359375,2195.169921875,2150.909912109375,2181.110107421875,28301300
2018-11-21,2219.6201171875,2220.199951171875,2167.919921875,2167.919921875,30353900
2018-11-23,2225.389892578125,2238.43994140625,2209.330078125,2234.739990234375,10889600
2018-11-26,2213.570068359375,2245.080078125,2202.3701171875,2229.639892578125,15473000
2018-11-27,2222.85009765625,2227.110107421875,2202.989990234375,2215.580078125,16567700
2018-11-28,2264.510009765625,2268.139892578125,2222.610107421875,2222.610107421875,24987700
2018-11-29,2303.3701171875,2303.3701171875,2273.830078125,2273.830078125,22069600
2018-11-30,2291.080078125,2300.3701171875,2267.949951171875,2300.3701171875,33683600
2018-12-03,2329.3701171875,2334.219970703125,2310.75,2310.75,29020600
2018-12-04,2344.909912109375,2344.909912109375,2311.830078125,2322.239990234375,36079800
2018-12-06,2294.340087890625,2335.280029296875,2290.52001953125,2335.280029296875,31470200
2018-12-07,2281.5400390625,2320.39990234375,2273.31005859375,2300.7900390625,21351300
2018-12-10,2242.10009765625,2282.050048828125,2241.909912109375,2274.510009765625,16569100
2018-12-11,2221.3701171875,2264.5400390625,2221.3701171875,2252.699951171875,28629400
2018-12-12,2275.14990234375,2275.18994140625,2227.889892578125,2228.580078125,38619800
2018-12-13,2310.659912109375,2314.090087890625,2267.530029296875,2282.77001953125,31733500
2018-12-14,2303.409912109375,2314.1201171875,2282.429931640625,2297.169921875,21460900
2018-12-17,2281.8701171875,2308.550048828125,2281.449951171875,2296.7900390625,20133400
2018-12-18,2315.179931640625,2317.590087890625,2264.35009765625,2273.02001953125,25318300
2018-12-19,2342.81005859375,2344.110107421875,2309.469970703125,2312.489990234375,28030800
2018-12-20,2306.679931640625,2327.489990234375,2295.39990234375,2327.489990234375,32391300
2018-12-21,2259.77001953125,2307.0,2226.52001953125,2303.949951171875,67780700
2018-12-27,2251.3798828125,2288.31005859375,2248.22998046875,2279.0400390625,15306400
2018-12-28,2276.6298828125,2281.3701171875,2253.050048828125,2253.050048828125,16625600
2019-01-02,2301.6201171875,2303.239990234375,2243.919921875,2275.35009765625,15056400
2019-01-03,2247.219970703125,2293.469970703125,2243.050048828125,2293.469970703125,17896100
2019-01-04,2284.949951171875,2289.18994140625,2257.39990234375,2257.39990234375,18956900
2019-01-07,2331.449951171875,2331.449951171875,2292.760009765625,2292.760009765625,28569900
2019-01-08,2325.18994140625,2330.419921875,2303.050048828125,2330.419921875,25986200
2019-01-09,2341.840087890625,2341.840087890625,2321.9599609375,2329.090087890625,29468400
2019-01-10,2335.31005859375,2335.60009765625,2305.969970703125,2331.8701171875,22050400
2019-01-11,2335.10009765625,2364.280029296875,2322.139892578125,2343.72998046875,26395000
2019-01-14,2327.659912109375,2334.300048828125,2310.840087890625,2326.239990234375,20925000
2019-01-15,2344.56005859375,2350.860107421875,2323.570068359375,2336.510009765625,19467900
2019-01-16,2364.169921875,2364.169921875,2340.330078125,2349.889892578125,20615400
2019-01-17,2358.969970703125,2372.090087890625,2351.719970703125,2358.93994140625,21238700
2019-01-18,2377.8701171875,2380.72998046875,2357.340087890625,2366.68994140625,25051100
2019-01-22,2359.22998046875,2369.679931640625,2344.35009765625,2349.909912109375,19191500
2019-01-23,2407.090087890625,2415.669921875,2353.25,2360.169921875,29680400
2019-01-24,2406.3798828125,2420.93994140625,2388.590087890625,2410.219970703125,25700000
2019-01-25,2398.739990234375,2418.409912109375,2390.85009765625,2413.1201171875,29305900
2019-01-28,2370.6201171875,2400.760009765625,2354.800048828125,2399.77001953125,26240500
2019-01-29,2373.300048828125,2388.590087890625,2357.2099609375,2370.7900390625,21682600
2019-01-30,2357.7900390625,2378.830078125,2348.330078125,2374.68994140625,21897900
2019-01-31,2380.110107421875,2389.760009765625,2364.080078125,2367.75,27205700
2019-02-01,2393.429931640625,2393.429931640625,2373.139892578125,2380.43994140625,13439300
2019-02-04,2390.4599609375,2410.89990234375,2380.22998046875,2392.159912109375,17580300
2019-02-05,2409.320068359375,2411.989990234375,2383.9599609375,2393.429931640625,16926400
2019-02-06,2414.409912109375,2420.39990234375,2403.679931640625,2409.889892578125,18231300
2019-02-07,2371.330078125,2407.949951171875,2367.179931640625,2407.949951171875,14042500
2019-02-08,2354.110107421875,2368.320068359375,2354.110107421875,2365.8798828125,17004000
2019-02-11,2354.280029296875,2378.18994140625,2354.280029296875,2359.10009765625,15780100
2019-02-12,2370.989990234375,2377.010009765625,2356.360107421875,2362.030029296875,15586800
2019-02-13,2346.389892578125,2380.530029296875,2334.8701171875,2374.43994140625,16822200
2019-02-14,2319.919921875,2352.35009765625,2316.81005859375,2346.669921875,28814200
2019-02-15,2338.199951171875,2346.989990234375,2314.0,2316.989990234375,15755900
2019-02-19,2322.409912109375,2337.5400390625,2313.830078125,2324.679931640625,15455700
2019-02-20,2369.699951171875,2369.699951171875,2327.22998046875,2327.22998046875,19606700
2019-02-21,2339.85009765625,2375.389892578125,2330.010009765625,2366.60009765625,24036800
2019-02-22,2355.77001953125,2372.820068359375,2338.2099609375,2338.2099609375,23017000
2019-02-25,2371.68994140625,2376.050048828125,2348.419921875,2358.780029296875,17019900
2019-02-26,2365.929931640625,2370.550048828125,2355.919921875,2370.550048828125,17585900
2019-02-27,2333.81005859375,2368.090087890625,2331.929931640625,2364.419921875,15291700
2019-02-28,2332.22998046875,2346.43994140625,2332.22998046875,2336.820068359375,26100700
2019-03-01,2333.110107421875,2349.4599609375,2330.85009765625,2339.969970703125,19508700
2019-03-04,2328.050048828125,2349.080078125,2321.7099609375,2341.550048828125,25215600
2019-03-05,2321.320068359375,2338.739990234375,2318.81005859375,2325.800048828125,15432000
2019-03-06,2327.159912109375,2329.39990234375,2317.0,2325.090087890625,19613800
2019-03-07,2308.47998046875,2335.4599609375,2305.25,2326.780029296875,15690000
2019-03-08,2298.969970703125,2305.18994140625,2286.93994140625,2305.18994140625,14068900
2019-03-11,2300.219970703125,2313.5400390625,2297.590087890625,2303.14990234375,17130500
2019-03-12,2310.10009765625,2319.739990234375,2298.800048828125,2312.75,17681900
2019-03-13,2314.7900390625,2316.6298828125,2301.219970703125,2306.14990234375,26197400
2019-03-14,2319.280029296875,2323.52001953125,2310.25,2319.320068359375,17144200
2019-03-15,2346.25,2360.919921875,2317.72998046875,2323.389892578125,68490000
2019-03-18,2345.840087890625,2358.840087890625,2342.68994140625,2351.02001953125,16664600
2019-03-19,2352.419921875,2365.9599609375,2346.72998046875,2346.72998046875,17801600
2019-03-20,2351.830078125,2357.159912109375,2344.1298828125,2353.10009765625,15495500
2019-03-21,2359.02001953125,2359.360107421875,2344.93994140625,2352.81005859375,17352600
2019-03-22,2319.10009765625,2361.06005859375,2319.10009765625,2358.110107421875,15264200
2019-03-25,2312.7900390625,2320.570068359375,2304.659912109375,2314.97998046875,13009600
2019-03-26,2324.909912109375,2325.050048828125,2312.429931640625,2314.0,12414900
2019-03-27,2315.169921875,2331.2099609375,2312.75,2326.639892578125,16384900
2019-03-28,2313.77001953125,2325.260009765625,2310.919921875,2315.2099609375,11362500
2019-03-29,2312.090087890625,2330.52001953125,2304.77001953125,2318.659912109375,25445500
2019-04-01,2340.739990234375,2347.719970703125,2325.3798828125,2325.3798828125,14230100
2019-04-02,2371.139892578125,2382.889892578125,2342.080078125,2342.080078125,16146100
2019-04-03,2407.6298828125,2408.3701171875,2381.43994140625,2381.43994140625,20155900
2019-04-04,2388.590087890625,2413.5,2386.489990234375,2404.610107421875,20199400
2019-04-05,2351.080078125,2408.43994140625,2351.080078125,2388.469970703125,23024100
2019-04-08,2359.52001953125,2362.510009765625,2349.47998046875,2356.5,13959800
2019-04-09,2367.840087890625,2377.219970703125,2357.719970703125,2364.840087890625,19144700
2019-04-10,2391.800048828125,2391.800048828125,2366.47998046875,2368.969970703125,21911600
2019-04-11,2374.969970703125,2396.5,2371.0400390625,2393.530029296875,15768000
2019-04-12,2366.7099609375,2385.27001953125,2364.830078125,2381.56005859375,14190700
2019-04-15,2358.18994140625,2372.85009765625,2351.3798828125,2364.1201171875,14826200
2019-04-16,2372.179931640625,2372.179931640625,2357.56005859375,2361.429931640625,20877400
2019-04-17,2378.31005859375,2396.840087890625,2371.300048828125,2374.699951171875,34321200
2019-04-18,2365.360107421875,2375.239990234375,2352.72998046875,2375.239990234375,19570100
2019-04-23,2370.6298828125,2374.47998046875,2361.02001953125,2367.820068359375,10510300
2019-04-24,2372.330078125,2377.72998046875,2357.2099609375,2371.110107421875,20915800
2019-04-25,2358.760009765625,2372.75,2347.2099609375,2372.75,16433400
2019-04-26,2372.25,2372.25,2352.050048828125,2354.409912109375,13086200
2019-04-29,2368.080078125,2378.360107421875,2354.989990234375,2377.340087890625,14252000
2019-04-30,2334.2099609375,2360.260009765625,2323.72998046875,2357.5400390625,22172700
2019-05-02,2319.080078125,2337.1201171875,2317.5,2337.1201171875,14842700
2019-05-06,2290.1298828125,2303.699951171875,2278.9599609375,2301.780029296875,15864200
2019-05-07,2233.800048828125,2293.949951171875,2233.570068359375,2292.050048828125,24303900
2019-05-08,2221.820068359375,2250.18994140625,2217.31005859375,2236.6298828125,21998900
2019-05-09,2179.39990234375,2227.52001953125,2177.760009765625,2218.050048828125,21078500
2019-05-10,2191.909912109375,2210.31005859375,2184.330078125,2191.75,21985100
2019-05-13,2172.969970703125,2199.89990234375,2153.699951171875,2194.699951171875,19385700
2019-05-14,2163.93994140625,2192.530029296875,2162.39990234375,2184.389892578125,24473100
2019-05-15,2169.179931640625,2181.489990234375,2152.989990234375,2176.300048828125,28349700
2019-05-16,2188.429931640625,2193.889892578125,2162.4599609375,2174.10009765625,21289600
2019-05-17,2184.35009765625,2187.179931640625,2165.969970703125,2187.179931640625,18600000
2019-05-20,2175.510009765625,2189.10009765625,2159.780029296875,2186.969970703125,19285600
2019-05-21,2190.929931640625,2191.280029296875,2173.739990234375,2178.919921875,21827500
2019-05-22,2214.360107421875,2225.300048828125,2181.139892578125,2193.780029296875,20336700
2019-05-23,2173.090087890625,2212.60009765625,2172.9599609375,2212.60009765625,22538100
2019-05-24,2188.199951171875,2193.699951171875,2175.030029296875,2178.43994140625,17538800
2019-05-28,2192.8701171875,2215.330078125,2184.699951171875,2191.169921875,43356100
2019-05-29,2187.449951171875,2187.5400390625,2162.39990234375,2179.8701171875,31770200
2019-05-30,2221.56005859375,2228.81005859375,2190.8798828125,2190.8798828125,29906300
2019-05-31,2239.31005859375,2239.31005859375,2194.9599609375,2208.429931640625,22527300
2019-06-03,2237.7099609375,2248.090087890625,2227.889892578125,2239.1201171875,15286900
2019-06-04,2233.75,2242.52001953125,2222.320068359375,2237.739990234375,18171700
2019-06-05,2223.27001953125,2242.219970703125,2219.93994140625,2237.22998046875,26212200
2019-06-06,2260.93994140625,2272.070068359375,2222.81005859375,2224.199951171875,41924000
2019-06-07,2280.60009765625,2287.389892578125,2260.52001953125,2260.52001953125,22927600
2019-06-10,2282.510009765625,2296.330078125,2271.090087890625,2290.39990234375,17539500
2019-06-11,2295.60009765625,2300.919921875,2275.669921875,2283.89990234375,28173700
2019-06-12,2282.800048828125,2292.409912109375,2263.679931640625,2290.75,28424300
2019-06-13,2300.199951171875,2310.659912109375,2277.1201171875,2282.719970703125,25322700
2019-06-14,2286.4599609375,2299.090087890625,2283.93994140625,2299.030029296875,19890500
2019-06-17,2276.60009765625,2290.7900390625,2269.8701171875,2286.570068359375,19460500
2019-06-18,2325.159912109375,2325.159912109375,2272.260009765625,2277.52001953125,35096300
2019-06-19,2319.7099609375,2327.4599609375,2316.840087890625,2326.56005859375,21380100
2019-06-21,2308.320068359375,2343.659912109375,2302.7099609375,2324.159912109375,59865900
2019-06-24,2331.080078125,2332.800048828125,2311.550048828125,2315.7900390625,18459900
2019-06-25,2303.31005859375,2328.989990234375,2296.969970703125,2328.989990234375,28151200
2019-06-26,2317.169921875,2318.679931640625,2300.510009765625,2308.97998046875,36413400
2019-06-27,2335.1298828125,2347.6201171875,2315.72998046875,2315.72998046875,36279000
2019-06-28,2327.669921875,2335.260009765625,2323.550048828125,2332.6298828125,18786700
2019-07-01,2329.739990234375,2363.2099609375,2326.489990234375,2338.97998046875,20563100
2019-07-02,2341.090087890625,2341.090087890625,2310.489990234375,2334.60009765625,22190100
2019-07-03,2345.56005859375,2349.14990234375,2330.530029296875,2338.72998046875,19060700
2019-07-05,2342.010009765625,2359.389892578125,2334.27001953125,2359.389892578125,22145900
2019-07-08,2339.070068359375,2349.35009765625,2326.330078125,2337.669921875,21957700
2019-07-09,2312.6298828125,2327.02001953125,2303.199951171875,2325.89990234375,23830500
2019-07-10,2312.77001953125,2340.949951171875,2305.659912109375,2312.320068359375,32878700
2019-07-11,2316.949951171875,2338.330078125,2308.199951171875,2322.179931640625,22334600
2019-07-12,2315.360107421875,2325.050048828125,2314.419921875,2323.610107421875,21278200
2019-07-15,2324.2099609375,2334.10009765625,2316.889892578125,2318.56005859375,19449800
2019-07-16,2321.52001953125,2330.5,2317.179931640625,2326.489990234375,29151800
2019-07-17,2306.669921875,2320.489990234375,2301.6298828125,2317.449951171875,32041300
2019-07-18,2321.409912109375,2324.7099609375,2291.659912109375,2300.64990234375,27641600
2019-07-19,2344.030029296875,2348.860107421875,2325.159912109375,2325.159912109375,27760400
2019-07-22,2342.510009765625,2350.820068359375,2335.300048828125,2345.610107421875,18093000
2019-07-23,2335.860107421875,2348.429931640625,2332.5,2345.760009765625,19598300
2019-07-24,2335.409912109375,2338.949951171875,2327.659912109375,2336.679931640625,21835300
2019-07-25,2310.31005859375,2344.389892578125,2308.320068359375,2341.0400390625,20338100
2019-07-26,2305.7900390625,2314.18994140625,2299.389892578125,2311.510009765625,17545200
2019-07-29,2285.929931640625,2309.530029296875,2282.080078125,2307.080078125,15321200
2019-07-30,2263.919921875,2282.300048828125,2263.919921875,2273.719970703125,22463000
2019-07-31,2277.3701171875,2285.25,2263.610107421875,2264.639892578125,28765600
2019-08-01,2240.780029296875,2280.800048828125,2236.97998046875,2273.239990234375,26218600
2019-08-02,2216.510009765625,2233.030029296875,2216.510009765625,2232.919921875,19331400
2019-08-05,2164.139892578125,2211.889892578125,2164.06005859375,2211.889892578125,24558800
2019-08-06,2156.22998046875,2182.199951171875,2155.330078125,2169.080078125,27271900
2019-08-07,2138.22998046875,2173.56005859375,2124.85009765625,2163.2099609375,28005500
2019-08-08,2158.8798828125,2169.27001953125,2152.260009765625,2153.169921875,22033800
2019-08-09,2127.610107421875,2165.830078125,2119.889892578125,2165.340087890625,26142500
2019-08-12,2109.72998046875,2140.840087890625,2104.1201171875,2134.550048828125,16353000
2019-08-13,2140.18994140625,2153.159912109375,2085.610107421875,2095.169921875,26859100
2019-08-14,2078.389892578125,2134.47998046875,2078.389892578125,2134.280029296875,25516000
2019-08-16,2064.1201171875,2096.93994140625,2055.699951171875,2085.340087890625,27565500
2019-08-19,2102.22998046875,2110.18994140625,2078.800048828125,2078.800048828125,19005700
2019-08-20,2110.110107421875,2116.590087890625,2087.2099609375,2104.969970703125,23036500
2019-08-21,2105.8798828125,2129.570068359375,2103.8701171875,2108.3701171875,16864700
2019-08-22,2108.050048828125,2126.8701171875,2097.0,2108.8798828125,22403000
2019-08-23,2103.679931640625,2128.10009765625,2081.070068359375,2115.159912109375,16625600
2019-08-26,2098.409912109375,2109.419921875,2077.820068359375,2092.330078125,14030000
2019-08-27,2095.449951171875,2107.0,2076.510009765625,2101.18994140625,47792200
2019-08-28,2051.43994140625,2107.280029296875,2044.8599853515625,2098.8798828125,21934100
2019-08-29,2069.330078125,2075.39990234375,2047.93994140625,2050.8701171875,18065800
2019-08-30,2135.25,2136.7900390625,2069.860107421875,2072.64990234375,26051400
2019-09-03,2107.159912109375,2140.739990234375,2097.659912109375,2140.739990234375,18871000
2019-09-04,2102.72998046875,2136.409912109375,2102.360107421875,2122.06005859375,29898100
2019-09-05,2106.889892578125,2122.760009765625,2088.8798828125,2111.469970703125,24072500
2019-09-06,2122.60009765625,2129.969970703125,2108.639892578125,2111.050048828125,17296700
2019-09-09,2174.409912109375,2174.409912109375,2124.9599609375,2124.9599609375,24032000
2019-09-10,2187.800048828125,2189.02001953125,2168.719970703125,2173.7900390625,27349100
2019-09-11,2189.2099609375,2202.43994140625,2179.0,2186.080078125,23652900
2019-09-12,2189.070068359375,2205.989990234375,2174.510009765625,2191.969970703125,21926700
2019-09-13,2200.949951171875,2210.699951171875,2187.429931640625,2188.72998046875,16091200
2019-09-16,2217.840087890625,2217.840087890625,2188.300048828125,2198.6298828125,25332000
2019-09-17,2192.7099609375,2214.47998046875,2184.89990234375,2212.7099609375,27699800
2019-09-18,2205.02001953125,2206.800048828125,2186.030029296875,2192.830078125,25058600
2019-09-19,2191.610107421875,2200.070068359375,2184.929931640625,2200.070068359375,17058700
2019-09-20,2171.75,2198.2900390625,2164.1298828125,2190.0,47921900
2019-09-23,2147.320068359375,2171.389892578125,2139.340087890625,2167.320068359375,22067700
2019-09-24,2175.239990234375,2183.1298828125,2150.85009765625,2153.6201171875,17408600
2019-09-25,2159.679931640625,2170.219970703125,2144.6298828125,2170.219970703125,20185900
2019-09-26,2172.469970703125,2177.070068359375,2159.780029296875,2161.969970703125,19182100
2019-09-27,2186.31005859375,2190.530029296875,2170.5400390625,2175.4599609375,12465500
2019-09-30,2173.2900390625,2188.77001953125,2162.199951171875,2188.31005859375,16427300
2019-10-01,2152.5,2175.97998046875,2148.550048828125,2175.97998046875,18577600
2019-10-02,2098.280029296875,2148.6201171875,2098.280029296875,2148.6201171875,18837300
2019-10-03,2099.300048828125,2129.530029296875,2076.449951171875,2091.14990234375,24703100
2019-10-04,2121.159912109375,2124.780029296875,2101.639892578125,2101.639892578125,17504900
2019-10-07,2121.8701171875,2126.89990234375,2110.110107421875,2126.89990234375,13984200
2019-10-08,2131.830078125,2135.75,2113.929931640625,2121.85009765625,19639700
2019-10-09,2134.3701171875,2142.510009765625,2126.60009765625,2136.449951171875,15836500
2019-10-10,2122.989990234375,2136.9599609375,2113.8701171875,2134.52001953125,18221600
2019-10-11,2159.909912109375,2160.85009765625,2125.659912109375,2126.110107421875,16428100
2019-10-14,2148.530029296875,2163.419921875,2143.330078125,2162.22998046875,15537300
2019-10-15,2154.800048828125,2161.72998046875,2146.7900390625,2156.949951171875,21478300
2019-10-16,2156.06005859375,2167.10009765625,2151.570068359375,2153.260009765625,22408400
2019-10-17,2173.75,2181.93994140625,2154.169921875,2160.429931640625,17705600
2019-10-18,2164.75,2168.489990234375,2149.610107421875,2167.18994140625,18868300
2019-10-21,2183.25,2184.639892578125,2160.389892578125,2164.820068359375,16187800
2019-10-22,2212.14990234375,2212.18994140625,2177.25,2184.0,19247900
2019-10-23,2208.5400390625,2209.580078125,2198.75,2206.889892578125,13809100
2019-10-24,2208.360107421875,2216.330078125,2195.820068359375,2206.179931640625,19413500
2019-10-25,2175.27001953125,2206.679931640625,2172.43994140625,2206.679931640625,19871100
2019-10-28,2211.800048828125,2215.02001953125,2175.300048828125,2175.300048828125,17157700
2019-10-29,2227.929931640625,2228.280029296875,2203.169921875,2210.5400390625,26631400
2019-10-30,2227.3798828125,2230.719970703125,2219.179931640625,2227.02001953125,17684800
2019-10-31,2194.10009765625,2236.949951171875,2188.989990234375,2235.679931640625,26160400
2019-11-04,2264.06005859375,2264.06005859375,2208.610107421875,2208.610107421875,30023600
2019-11-05,2272.449951171875,2279.639892578125,2257.68994140625,2263.60009765625,23389900
2019-11-06,2255.340087890625,2269.97998046875,2255.340087890625,2267.949951171875,17542200
2019-11-07,2272.169921875,2277.179931640625,2260.780029296875,2260.780029296875,26650000
2019-11-08,2255.4599609375,2269.510009765625,2252.85009765625,2269.510009765625,31731000
2019-11-12,2248.81005859375,2266.22998046875,2245.39990234375,2259.75,26636600
2019-11-13,2235.52001953125,2250.31005859375,2228.030029296875,2250.070068359375,33577800
2019-11-14,2226.14990234375,2245.840087890625,2223.56005859375,2235.669921875,22560500
2019-11-15,2233.8701171875,2238.110107421875,2225.77001953125,2225.989990234375,13701200
2019-11-18,2229.919921875,2244.639892578125,2220.25,2239.3701171875,18060600
2019-11-19,2207.25,2232.469970703125,2201.639892578125,2230.14990234375,21477500
2019-11-20,2194.580078125,2204.409912109375,2175.679931640625,2204.409912109375,20561700
2019-11-21,2179.530029296875,2192.18994140625,2164.0400390625,2192.18994140625,20451000
2019-11-22,2188.239990234375,2198.56005859375,2176.330078125,2179.43994140625,18022600
2019-11-25,2197.5400390625,2204.090087890625,2191.7900390625,2191.7900390625,16689800
2019-11-26,2190.580078125,2199.68994140625,2177.72998046875,2199.68994140625,60977900
2019-11-27,2181.330078125,2196.5,2175.070068359375,2192.169921875,17171800
2019-11-29,2158.93994140625,2170.469970703125,2154.93994140625,2164.719970703125,14547600
2019-12-02,2122.300048828125,2168.85009765625,2121.159912109375,2163.47998046875,25649400
2019-12-03,2089.919921875,2123.469970703125,2088.77001953125,2122.969970703125,21505000
2019-12-04,2081.889892578125,2113.1298828125,2078.10009765625,2093.25,24257700
2019-12-05,2092.1201171875,2103.68994140625,2078.97998046875,2088.0,22123700
2019-12-06,2073.110107421875,2088.6201171875,2055.679931640625,2087.820068359375,42639900
2019-12-09,2066.550048828125,2073.419921875,2051.0400390625,2073.419921875,17670900
2019-12-10,2054.110107421875,2070.219970703125,2040.780029296875,2066.429931640625,18788900
2019-12-11,2047.3399658203125,2064.5,2034.47998046875,2056.169921875,23865500
2019-12-12,2102.18994140625,2102.18994140625,2055.5400390625,2056.35009765625,28647600
2019-12-13,2106.510009765625,2123.340087890625,2103.580078125,2112.27001953125,27117200
2019-12-16,2112.929931640625,2120.22998046875,2104.159912109375,2107.389892578125,22019900
2019-12-17,2132.25,2139.469970703125,2114.18994140625,2115.8701171875,32730000
2019-12-18,2131.85009765625,2137.699951171875,2112.2099609375,2137.699951171875,30289600
2019-12-19,2133.719970703125,2134.360107421875,2123.81005859375,2132.530029296875,21895500
2019-12-20,2128.0400390625,2138.3701171875,2123.989990234375,2131.610107421875,57317400
2019-12-23,2142.5400390625,2142.909912109375,2124.8701171875,2128.7099609375,15089200
2019-12-27,2151.739990234375,2167.469970703125,2145.77001953125,2145.77001953125,12081500
2019-12-30,2150.090087890625,2160.22998046875,2147.580078125,2151.47998046875,11041300
2020-01-02,2200.10009765625,2200.570068359375,2161.419921875,2161.550048828125,21369900
2020-01-03,2173.969970703125,2192.31005859375,2159.030029296875,2192.31005859375,20627300
2020-01-07,2145.010009765625,2176.800048828125,2143.110107421875,2171.719970703125,19556400
2020-01-08,2115.989990234375,2140.2900390625,2114.239990234375,2140.2900390625,20739900
2020-01-09,2157.610107421875,2157.610107421875,2132.02001953125,2132.02001953125,19887700
2020-01-10,2167.909912109375,2167.909912109375,2150.830078125,2161.60009765625,16496400
2020-01-13,2194.419921875,2194.419921875,2167.330078125,2170.860107421875,22067400
2020-01-14,2182.9599609375,2194.8798828125,2174.43994140625,2194.8798828125,29388300
2020-01-15,2165.080078125,2183.85009765625,2158.360107421875,2180.550048828125,22745300
2020-01-16,2173.739990234375,2179.429931640625,2163.830078125,2170.389892578125,20756900
2020-01-17,2175.949951171875,2181.6201171875,2147.93994140625,2172.139892578125,19783000
2020-01-21,2158.0400390625,2174.929931640625,2152.6201171875,2174.929931640625,18927600
2020-01-22,2146.56005859375,2172.760009765625,2144.679931640625,2168.43994140625,27440000
2020-01-23,2148.409912109375,2159.550048828125,2141.6201171875,2144.56005859375,22561700
2020-01-24,2154.280029296875,2166.31005859375,2150.570068359375,2150.570068359375,17630500
2020-01-27,2083.7900390625,2141.679931640625,2083.68994140625,2141.679931640625,20984100
2020-01-28,2098.0400390625,2105.760009765625,2083.5400390625,2089.159912109375,17438000
2020-01-29,2098.179931640625,2114.31005859375,2090.409912109375,2099.300048828125,25644100
2020-01-30,2079.97998046875,2093.679931640625,2064.090087890625,2078.739990234375,23189100
2020-01-31,2065.89990234375,2087.929931640625,2052.679931640625,2085.409912109375,38290100
2020-02-03,2072.8798828125,2077.580078125,2050.909912109375,2062.330078125,25394100
2020-02-04,2106.6298828125,2115.25,2081.81005859375,2082.18994140625,32249800
2020-02-05,2122.909912109375,2133.909912109375,2102.449951171875,2106.639892578125,21929300
2020-02-06,2111.760009765625,2138.8701171875,2105.590087890625,2128.239990234375,23412000
2020-02-07,2110.199951171875,2110.199951171875,2092.360107421875,2107.429931640625,18963200
2020-02-10,2092.889892578125,2112.780029296875,2087.719970703125,2108.669921875,16134600
2020-02-11,2107.39990234375,2114.889892578125,2094.389892578125,2099.199951171875,21356100
2020-02-12,2126.31005859375,2132.780029296875,2115.919921875,2120.010009765625,21380100
2020-02-13,2120.070068359375,2125.219970703125,2096.139892578125,2125.219970703125,19110000
2020-02-14,2115.2900390625,2131.280029296875,2111.219970703125,2126.639892578125,20893200
2020-02-18,2113.489990234375,2118.47998046875,2103.760009765625,2112.14990234375,13882300
2020-02-19,2115.179931640625,2122.669921875,2097.070068359375,2116.320068359375,21465500
2020-02-20,2099.8798828125,2116.080078125,2098.1201171875,2115.389892578125,20482200
2020-02-21,2088.530029296875,2106.179931640625,2084.550048828125,2095.800048828125,16533500
2020-02-24,2000.9000244140625,2070.659912109375,1997.8399658203125,2070.659912109375,25032200
2020-02-25,1945.7099609375,2007.3399658203125,1945.7099609375,2000.6500244140625,32357200
2020-02-26,1933.510009765625,1957.6400146484375,1906.06005859375,1942.6600341796875,33550700
2020-02-27,1850.6099853515625,1927.43994140625,1833.9200439453125,1926.1500244140625,33425900
2020-02-28,1768.9100341796875,1817.7900390625,1735.3699951171875,1817.7900390625,70088800
2020-03-02,1807.699951171875,1840.5699462890625,1765.4300537109375,1807.25,40207500
2020-03-03,1889.6700439453125,1906.8699951171875,1827.3599853515625,1827.3599853515625,39063500
2020-03-04,1860.949951171875,1894.22998046875,1857.9000244140625,1882.7099609375,28135100
2020-03-05,1822.8499755859375,1893.8800048828125,1822.760009765625,1879.1099853515625,25502200
2020-03-06,1764.81005859375,1808.3599853515625,1749.699951171875,1808.3599853515625,34436800
2020-03-09,1625.989990234375,1697.3800048828125,1609.0799560546875,1685.280029296875,40494700
2020-03-10,1599.47998046875,1657.0899658203125,1594.0699462890625,1643.3399658203125,39334300
2020-03-11,1505.6400146484375,1616.030029296875,1495.8699951171875,1607.300048828125,44940300
2020-03-12,1305.72998046875,1450.7099609375,1305.72998046875,1450.7099609375,57193100
2020-03-13,1365.969970703125,1442.719970703125,1315.9599609375,1334.3699951171875,74136100
2020-03-16,1341.5400390625,1356.010009765625,1248.77001953125,1342.4000244140625,64569000
2020-03-17,1429.280029296875,1446.739990234375,1355.0699462890625,1370.7900390625,81569700
2020-03-18,1401.2900390625,1465.5799560546875,1376.75,1425.27001953125,78265400
2020-03-19,1469.4300537109375,1469.4300537109375,1386.8299560546875,1406.7099609375,51612000
2020-03-20,1488.4200439453125,1547.739990234375,1476.6500244140625,1502.1400146484375,109516200
2020-03-23,1405.449951171875,1463.9300537109375,1400.7099609375,1461.219970703125,43978400
2020-03-24,1451.02001953125,1473.02001953125,1424.1400146484375,1449.3399658203125,37402600
2020-03-25,1441.8299560546875,1505.7900390625,1413.219970703125,1487.75,47382300
2020-03-26,1492.010009765625,1492.8699951171875,1410.9100341796875,1431.530029296875,36791500
2020-03-27,1475.9000244140625,1499.6199951171875,1465.47998046875,1494.31005859375,33221300
2020-03-30,1477.6500244140625,1484.6199951171875,1443.1600341796875,1482.0999755859375,28425000
2020-03-31,1512.8399658203125,1523.489990234375,1484.3299560546875,1486.8900146484375,59768700
2020-04-01,1482.4200439453125,1500.4300537109375,1473.6400146484375,1495.4300537109375,36501200
2020-04-02,1491.550048828125,1501.3299560546875,1464.8599853515625,1490.4100341796875,48115300
2020-04-03,1506.47998046875,1509.0699462890625,1474.43994140625,1492.0999755859375,49706300
2020-04-06,1581.050048828125,1585.0400390625,1534.81005859375,1534.81005859375,45608000
2020-04-07,1603.5,1655.2900390625,1602.1400146484375,1602.1400146484375,64702700
2020-04-08,1579.1800537109375,1619.6300048828125,1567.8399658203125,1602.3299560546875,55926400
2020-04-09,1615.719970703125,1619.77001953125,1579.719970703125,1596.7900390625,50388000
2020-04-14,1662.4000244140625,1664.530029296875,1625.8900146484375,1631.5,46442600
2020-04-15,1606.2099609375,1673.5799560546875,1602.31005859375,1669.22998046875,50591600
2020-04-16,1597.9000244140625,1617.550048828125,1589.8299560546875,1610.81005859375,43492800
2020-04-17,1625.5899658203125,1633.530029296875,1612.010009765625,1618.4200439453125,41660500
2020-04-20,1640.06005859375,1643.8699951171875,1604.97998046875,1629.68994140625,28317700
2020-04-21,1573.43994140625,1631.4000244140625,1572.050048828125,1631.4000244140625,33518400
2020-04-22,1605.1199951171875,1609.8199462890625,1554.3399658203125,1574.0699462890625,32626000
2020-04-23,1626.0999755859375,1626.8199462890625,1589.6400146484375,1609.4100341796875,30890000
2020-04-24,1601.9100341796875,1627.489990234375,1601.9100341796875,1617.9100341796875,26303900
2020-04-27,1591.969970703125,1624.68994140625,1580.47998046875,1614.2900390625,34025500
2020-04-28,1594.25,1622.800048828125,1579.93994140625,1590.3399658203125,37309100
2020-04-29,1651.3299560546875,1656.4000244140625,1600.780029296875,1601.6500244140625,35813400
2020-04-30,1648.6800537109375,1682.1300048828125,1636.3499755859375,1661.22998046875,46692100
2020-05-04,1600.6500244140625,1630.239990234375,1597.699951171875,1630.239990234375,23786800
2020-05-05,1598.8399658203125,1616.3399658203125,1591.5799560546875,1609.0400390625,22424600
2020-05-06,1567.97998046875,1606.43994140625,1565.0699462890625,1604.5999755859375,34612000
2020-05-07,1587.3499755859375,1602.760009765625,1559.06005859375,1572.1600341796875,21763500
2020-05-08,1606.5,1614.1800537109375,1599.510009765625,1600.5400390625,15375900
2020-05-11,1587.31005859375,1619.3599853515625,1581.5,1614.2099609375,17939300
2020-05-12,1622.510009765625,1624.52001953125,1584.010009765625,1589.68994140625,29571900
2020-05-13,1614.3199462890625,1634.77001953125,1607.0,1615.9000244140625,24392100
2020-05-14,1579.1600341796875,1605.6800537109375,1559.52001953125,1605.6800537109375,26392000
2020-05-15,1572.550048828125,1597.0400390625,1568.3800048828125,1585.510009765625,18369700
2020-05-18,1639.0799560546875,1639.0799560546875,1585.9200439453125,1585.9200439453125,29449600
2020-05-19,1640.1800537109375,1658.3399658203125,1629.2900390625,1651.0799560546875,24494900
2020-05-20,1652.6400146484375,1662.199951171875,1634.43994140625,1640.260009765625,24022500
2020-05-21,1637.8399658203125,1653.9200439453125,1636.239990234375,1651.030029296875,22155300
2020-05-22,1630.43994140625,1635.97998046875,1617.760009765625,1632.27001953125,19967900
2020-05-26,1709.7099609375,1712.6400146484375,1657.260009765625,1657.260009765625,58196600
2020-05-27,1707.5899658203125,1763.02001953125,1705.0899658203125,1713.72998046875,59902500
2020-05-28,1718.449951171875,1757.780029296875,1694.5999755859375,1722.4300537109375,59312600
2020-05-29,1722.6500244140625,1722.6500244140625,1699.3199462890625,1718.18994140625,76818400
2020-06-01,1733.52001953125,1749.5799560546875,1722.77001953125,1733.1300048828125,36707000
2020-06-02,1736.3599853515625,1739.47998046875,1722.5,1735.8599853515625,48471700
2020-06-03,1766.8499755859375,1780.8599853515625,1741.3599853515625,1741.9100341796875,61762600
2020-06-04,1786.5799560546875,1786.5799560546875,1755.72998046875,1765.5999755859375,48701300
2020-06-05,1842.469970703125,1847.949951171875,1794.3800048828125,1794.3800048828125,59248900
2020-06-08,1841.25,1852.68994140625,1813.02001953125,1842.219970703125,47827300
2020-06-09,1835.5899658203125,1856.6600341796875,1811.9599609375,1848.1099853515625,63659400
2020-06-10,1841.1800537109375,1846.2900390625,1817.06005859375,1840.0999755859375,99913900
2020-06-12,1788.8299560546875,1812.3299560546875,1754.1600341796875,1792.3499755859375,89471300
2020-06-15,1741.469970703125,1767.3499755859375,1735.27001953125,1767.3499755859375,89293300
2020-06-16,1798.0,1811.699951171875,1765.1700439453125,1765.1700439453125,66678400
2020-06-17,1787.81005859375,1812.6500244140625,1780.93994140625,1807.9100341796875,50197500
2020-06-18,1795.8599853515625,1804.1300048828125,1780.449951171875,1787.9000244140625,75865500
2020-06-19,1807.8499755859375,1809.22998046875,1791.6800537109375,1791.6800537109375,91765400
2020-06-22,1797.050048828125,1807.18994140625,1786.989990234375,1805.25,43852700
2020-06-23,1825.989990234375,1847.3299560546875,1806.2099609375,1807.0999755859375,44376300
2020-06-24,1784.22998046875,1836.8900146484375,1784.22998046875,1830.3900146484375,38481900
2020-06-25,1793.3599853515625,1798.800048828125,1759.2099609375,1781.8399658203125,33804600
2020-06-26,1759.4300537109375,1800.489990234375,1759.3699951171875,1799.3299560546875,27866100
2020-06-29,1769.469970703125,1771.2099609375,1750.9100341796875,1758.4599609375,32076100
2020-06-30,1758.8199462890625,1777.0699462890625,1754.4100341796875,1770.239990234375,33776200
2020-07-01,1772.3800048828125,1774.7900390625,1739.9300537109375,1760.719970703125,30478100
2020-07-02,1804.010009765625,1809.739990234375,1778.449951171875,1778.449951171875,36329700
2020-07-06,1818.550048828125,1833.77001953125,1808.3399658203125,1820.81005859375,21278600
2020-07-07,1800.9300537109375,1816.4599609375,1794.6099853515625,1816.4599609375,21869600
2020-07-08,1788.219970703125,1797.8800048828125,1780.8699951171875,1797.8800048828125,18721200
2020-07-09,1791.6800537109375,1802.31005859375,1789.0799560546875,1791.6800537109375,23146100
2020-07-10,1797.27001953125,1797.27001953125,1772.5,1781.8399658203125,19017700
2020-07-13,1801.6400146484375,1814.469970703125,1799.9100341796875,1806.550048828125,22254100
2020-07-14,1771.699951171875,1798.4000244140625,1763.6400146484375,1797.8499755859375,37539300
2020-07-15,1794.780029296875,1798.5799560546875,1779.97998046875,1783.1800537109375,31622800
2020-07-16,1799.0799560546875,1799.1800537109375,1780.1700439453125,1791.0400390625,24074500
2020-07-17,1796.0400390625,1800.699951171875,1785.43994140625,1800.699951171875,28251400
2020-07-20,1840.5999755859375,1840.5999755859375,1789.0400390625,1795.0899658203125,43201700
2020-07-21,1845.3399658203125,1884.219970703125,1840.8699951171875,1852.56005859375,63348500
2020-07-22,1830.6099853515625,1847.0,1830.6099853515625,1844.739990234375,28036900
2020-07-23,1820.25,1842.8399658203125,1817.780029296875,1837.6400146484375,22437900
2020-07-24,1810.3299560546875,1810.6500244140625,1790.530029296875,1809.5,20018000
2020-07-27,1830.8699951171875,1833.800048828125,1805.8399658203125,1811.4000244140625,29472600
2020-07-28,1823.52001953125,1841.4599609375,1806.06005859375,1831.030029296875,33304900
2020-07-29,1824.530029296875,1828.239990234375,1804.2099609375,1819.4000244140625,26311700
2020-07-30,1763.219970703125,1827.1700439453125,1762.739990234375,1827.1700439453125,38548800
2020-07-31,1767.5400390625,1793.1300048828125,1765.4200439453125,1767.31005859375,36031300
2020-08-03,1804.3800048828125,1815.5,1768.56005859375,1769.31005859375,20034400
2020-08-04,1811.4599609375,1831.1700439453125,1804.300048828125,1813.699951171875,20228400
2020-08-05,1833.199951171875,1844.199951171875,1819.9599609375,1819.9599609375,24197300
2020-08-06,1818.6400146484375,1841.6800537109375,1810.6300048828125,1834.6700439453125,19951000
2020-08-07,1817.22998046875,1824.2900390625,1809.0699462890625,1818.6199951171875,21923500
2020-08-10,1823.1500244140625,1832.6500244140625,1812.949951171875,1822.47998046875,16618800
2020-08-11,1847.72998046875,1857.949951171875,1822.1300048828125,1830.2099609375,23938000
2020-08-12,1855.8599853515625,1856.8399658203125,1839.1400146484375,1848.5400390625,17234200
2020-08-13,1858.3499755859375,1881.4599609375,1854.780029296875,1856.6500244140625,14609900
2020-08-14,1856.56005859375,1857.469970703125,1840.77001953125,1857.469970703125,10708500
2020-08-17,1862.1199951171875,1865.93994140625,1844.300048828125,1856.4599609375,12788500
2020-08-18,1840.3299560546875,1859.1099853515625,1837.199951171875,1859.1099853515625,19937200
2020-08-19,1833.219970703125,1847.8399658203125,1831.010009765625,1838.6199951171875,14295000
2020-08-20,1815.030029296875,1829.52001953125,1811.8800048828125,1829.52001953125,12587400
2020-08-21,1820.5999755859375,1831.280029296875,1813.7900390625,1824.52001953125,13127700
2020-08-24,1841.4599609375,1843.75,1827.3900146484375,1830.1400146484375,13217100
2020-08-25,1821.2900390625,1858.1400146484375,1820.3399658203125,1847.97998046875,14759200
2020-08-26,1848.3499755859375,1848.77001953125,1815.1600341796875,1817.9100341796875,14166900
2020-08-27,1846.5,1854.8399658203125,1833.9000244140625,1846.4200439453125,13555900
2020-08-28,1829.7900390625,1850.4599609375,1826.9599609375,1842.3599853515625,13671800
2020-08-31,1800.2099609375,1839.06005859375,1793.9599609375,1832.6600341796875,33678600
2020-09-01,1772.6099853515625,1807.77001953125,1768.1199951171875,1803.77001953125,30289300
2020-09-02,1785.43994140625,1796.800048828125,1777.1500244140625,1777.1500244140625,32157300
2020-09-03,1769.18994140625,1805.219970703125,1764.0400390625,1787.6199951171875,26372500
2020-09-04,1758.1099853515625,1773.6500244140625,1743.8900146484375,1754.6500244140625,19740000
2020-09-08,1733.8800048828125,1781.0400390625,1720.0699462890625,1778.8599853515625,33898100
2020-09-09,1773.3699951171875,1775.97998046875,1735.5799560546875,1735.5799560546875,22514100
2020-09-10,1764.8599853515625,1783.3900146484375,1751.06005859375,1776.47998046875,17665600
2020-09-11,1772.8900146484375,1777.9100341796875,1764.6600341796875,1767.4200439453125,15962800
2020-09-14,1758.6500244140625,1787.9000244140625,1757.9300537109375,1783.550048828125,20624700
2020-09-15,1743.9300537109375,1764.3800048828125,1737.550048828125,1760.550048828125,32465200
2020-09-16,1738.0999755859375,1750.72998046875,1731.280029296875,1746.93994140625,27367700
2020-09-17,1745.72998046875,1745.8699951171875,1714.949951171875,1736.81005859375,31087200
2020-09-18,1731.760009765625,1751.25,1729.300048828125,1745.9100341796875,48976800
2020-09-21,1682.260009765625,1753.5,1682.260009765625,1724.8900146484375,51949700
2020-09-22,1693.0899658203125,1704.4000244140625,1682.550048828125,1689.5999755859375,31717300
2020-09-23,1685.4000244140625,1712.27001953125,1684.9200439453125,1701.260009765625,25995400
2020-09-24,1665.9599609375,1679.5899658203125,1657.5699462890625,1677.72998046875,24207200
2020-09-25,1674.1400146484375,1678.510009765625,1658.3299560546875,1666.6500244140625,44107600
2020-09-28,1738.43994140625,1738.43994140625,1686.5699462890625,1686.5699462890625,37983700
2020-09-29,1718.2099609375,1737.47998046875,1718.2099609375,1737.47998046875,21346400
2020-09-30,1712.72998046875,1719.1500244140625,1700.489990234375,1713.010009765625,25682900
2020-10-01,1694.1800537109375,1723.8499755859375,1687.5400390625,1719.550048828125,22310000
2020-10-02,1697.3900146484375,1704.5799560546875,1675.199951171875,1690.0400390625,18298700
2020-10-05,1731.8499755859375,1739.1700439453125,1710.1400146484375,1710.1400146484375,20264200
2020-10-06,1735.449951171875,1749.280029296875,1733.1700439453125,1739.8599853515625,26458700
2020-10-07,1736.6099853515625,1741.1800537109375,1715.75,1736.6199951171875,23829700
2020-10-08,1719.9100341796875,1746.6800537109375,1711.56005859375,1742.2900390625,22047500
2020-10-09,1698.9100341796875,1718.449951171875,1679.010009765625,1718.449951171875,27423800
2020-10-12,1683.2099609375,1707.300048828125,1681.8699951171875,1701.760009765625,25089700
2020-10-13,1660.1199951171875,1685.25,1659.0999755859375,1685.25,26020700
2020-10-14,1670.260009765625,1691.6400146484375,1657.9000244140625,1658.0400390625,49995100
2020-10-15,1627.5899658203125,1660.6400146484375,1625.0999755859375,1660.6400146484375,37931000
2020-10-16,1655.3599853515625,1665.800048828125,1635.02001953125,1635.02001953125,37751000
2020-10-19,1648.1099853515625,1681.739990234375,1640.8199462890625,1663.75,22941500
2020-10-20,1656.3399658203125,1667.1600341796875,1638.199951171875,1647.949951171875,23654500
2020-10-21,1641.4200439453125,1663.22998046875,1634.280029296875,1656.969970703125,21076100
2020-10-22,1642.699951171875,1664.3699951171875,1627.1300048828125,1634.68994140625,27413500
2020-10-23,1645.3199462890625,1661.1600341796875,1638.760009765625,1643.3399658203125,61467800
2020-10-26,1631.6600341796875,1645.4599609375,1627.6099853515625,1635.489990234375,21450900
2020-10-27,1625.5400390625,1653.1099853515625,1612.5899658203125,1635.4200439453125,29281800
2020-10-28,1549.739990234375,1610.050048828125,1534.8699951171875,1605.4300537109375,39349600
2020-10-29,1542.760009765625,1567.719970703125,1529.1500244140625,1557.469970703125,36970200
2020-10-30,1515.969970703125,1535.27001953125,1496.760009765625,1528.780029296875,40057500
2020-11-02,1556.1400146484375,1563.9300537109375,1526.199951171875,1526.199951171875,35369800
2020-11-03,1636.280029296875,1636.9000244140625,1564.75,1564.8599853515625,42706900
2020-11-04,1640.93994140625,1641.780029296875,1590.719970703125,1622.2900390625,32893600
2020-11-05,1670.4300537109375,1678.4000244140625,1649.0699462890625,1654.6099853515625,29239200
2020-11-06,1697.489990234375,1702.97998046875,1654.5999755859375,1665.719970703125,29419600
2020-11-09,1765.7099609375,1788.27001953125,1697.780029296875,1707.52001953125,59970100
2020-11-10,1779.3399658203125,1794.7900390625,1741.6199951171875,1768.9000244140625,55221900
2020-11-12,1771.489990234375,1791.0799560546875,1761.9100341796875,1777.239990234375,52043800
2020-11-13,1749.4100341796875,1768.510009765625,1743.81005859375,1768.18994140625,25817200
2020-11-16,1799.02001953125,1799.3599853515625,1764.0999755859375,1764.0999755859375,46540700
2020-11-17,1793.56005859375,1801.72998046875,1775.9100341796875,1797.5699462890625,38779600
2020-11-18,1810.4300537109375,1812.800048828125,1787.0799560546875,1792.1700439453125,31034500
2020-11-19,1789.7900390625,1806.97998046875,1782.02001953125,1803.489990234375,25264700
2020-11-20,1820.8499755859375,1821.300048828125,1780.1099853515625,1788.47998046875,24018400
2020-11-23,1832.0400390625,1860.72998046875,1823.3199462890625,1835.530029296875,26237900
2020-11-24,1859.4200439453125,1861.3900146484375,1831.1199951171875,1841.1099853515625,26738700
2020-11-25,1860.1500244140625,1866.1500244140625,1840.6300048828125,1866.1500244140625,28023500
2020-11-27,1852.68994140625,1853.780029296875,1834.68994140625,1846.72998046875,20434300
2020-11-30,1830.0400390625,1851.3699951171875,1817.8299560546875,1845.9599609375,70547100
2020-12-01,1853.3800048828125,1871.1700439453125,1844.3299560546875,1844.3299560546875,26823000
2020-12-02,1897.969970703125,1899.3699951171875,1845.43994140625,1855.3299560546875,27335700
2020-12-03,1890.1099853515625,1903.3199462890625,1880.219970703125,1900.93994140625,29798800
2020-12-04,1947.6800537109375,1952.280029296875,1894.3499755859375,1894.4000244140625,28408100
2020-12-07,1958.530029296875,1965.9200439453125,1926.8699951171875,1949.6099853515625,32118800
2020-12-08,1970.27001953125,1970.27001953125,1933.6800537109375,1941.1400146484375,33485100
2020-12-09,1994.1199951171875,2023.9100341796875,1976.6500244140625,1976.6500244140625,57962400
2020-12-10,1984.0,2008.9599609375,1975.260009765625,1995.6300048828125,40469600
2020-12-11,1950.8499755859375,1992.0899658203125,1927.530029296875,1985.510009765625,38524900
2020-12-14,1939.0699462890625,1961.77001953125,1916.030029296875,1956.47998046875,34170700
2020-12-15,1955.68994140625,1963.56005859375,1933.22998046875,1938.7900390625,27794700
2020-12-16,1985.260009765625,1996.4000244140625,1963.8399658203125,1963.8399658203125,34099300
2020-12-17,1975.760009765625,2014.43994140625,1949.989990234375,1997.9100341796875,43583300
2020-12-18,1952.5400390625,1983.93994140625,1947.1400146484375,1981.6199951171875,61279300
2020-12-21,1888.800048828125,1935.219970703125,1851.22998046875,1929.1400146484375,39620700
2020-12-22,1928.4000244140625,1931.6600341796875,1896.2900390625,1896.47998046875,19823000
2020-12-23,1955.8399658203125,1958.1600341796875,1927.0699462890625,1934.030029296875,18891300
2020-12-28,2004.4100341796875,2005.6199951171875,1969.449951171875,1969.449951171875,24154600
2020-12-29,2016.010009765625,2033.030029296875,2002.5799560546875,2015.02001953125,19087800
2020-12-30,1983.97998046875,2019.47998046875,1982.1500244140625,2019.47998046875,24178200
2021-01-04,2008.75,2020.0400390625,1991.4599609375,1994.280029296875,29391900
2021-01-05,2009.1199951171875,2031.719970703125,1994.1300048828125,2004.6400146484375,29859500
2021-01-07,2074.110107421875,2074.110107421875,2028.4300537109375,2040.47998046875,38310100
2021-01-08,2072.739990234375,2095.669921875,2060.199951171875,2080.5,42476800
2021-01-11,2066.969970703125,2100.330078125,2043.050048828125,2067.330078125,30637500
2021-01-12,2043.72998046875,2086.110107421875,2026.9599609375,2073.81005859375,25292400
2021-01-13,2023.3599853515625,2058.8701171875,2009.4200439453125,2050.239990234375,38715100
2021-01-14,2031.7099609375,2037.5699462890625,2019.6600341796875,2023.8299560546875,25101600
2021-01-15,1985.6800537109375,2031.0799560546875,1969.4100341796875,2026.3499755859375,31251300
2021-01-19,1980.1199951171875,2047.1099853515625,1980.1199951171875,2034.260009765625,32703300
2021-01-20,1986.0899658203125,1998.4300537109375,1960.8199462890625,1983.489990234375,26554100
2021-01-21,1953.489990234375,2007.6400146484375,1948.969970703125,1997.5799560546875,25603700
2021-01-22,1952.6700439453125,1965.1400146484375,1934.6099853515625,1945.010009765625,21137600
2021-01-25,1945.780029296875,1966.760009765625,1927.449951171875,1961.3699951171875,22893300
2021-01-26,1981.97998046875,1988.239990234375,1932.68994140625,1936.780029296875,28113100
2021-01-27,1929.2099609375,1998.1199951171875,1916.0899658203125,1981.0699462890625,40978100
2021-01-28,1987.8299560546875,1992.75,1885.239990234375,1913.7099609375,37513700
2021-01-29,1948.010009765625,1985.52001953125,1938.8499755859375,1965.760009765625,37304900
2021-02-01,1967.719970703125,1975.93994140625,1945.8199462890625,1960.9599609375,23103200
2021-02-02,1954.02001953125,1981.4300537109375,1942.5999755859375,1973.1700439453125,24581100
2021-02-03,1940.68994140625,1973.739990234375,1934.97998046875,1961.77001953125,24774700
2021-02-04,1927.02001953125,1961.1199951171875,1924.949951171875,1945.5999755859375,20882700
2021-02-05,1957.72998046875,1971.280029296875,1934.9599609375,1937.719970703125,19158500
2021-02-08,1952.0999755859375,1975.6700439453125,1948.47998046875,1970.1600341796875,21296600
2021-02-09,1941.5999755859375,1958.1400146484375,1935.489990234375,1954.6700439453125,18996900
2021-02-10,1917.5400390625,1954.3599853515625,1910.1500244140625,1947.6300048828125,18762600
2021-02-11,1954.9200439453125,1961.68994140625,1922.6199951171875,1922.6199951171875,19738300
2021-02-12,1937.0699462890625,1953.68994140625,1919.719970703125,1951.4300537109375,15010300
2021-02-16,2004.5400390625,2022.1600341796875,1976.5799560546875,1977.8900146484375,32788200
2021-02-17,1986.800048828125,2008.199951171875,1980.260009765625,2005.97998046875,28844200
2021-02-18,1980.77001953125,2020.4599609375,1978.8800048828125,1990.1600341796875,34651100
2021-02-19,1985.31005859375,1998.68994140625,1971.800048828125,1985.989990234375,28897500
2021-02-22,1961.6199951171875,1978.699951171875,1958.3599853515625,1978.699951171875,23606200
2021-02-23,1922.5899658203125,1976.3800048828125,1895.02001953125,1969.010009765625,31468200
2021-02-24,1937.9000244140625,1954.219970703125,1924.6400146484375,1926.1800537109375,27510800
2021-02-25,1936.469970703125,1967.6300048828125,1936.1300048828125,1955.6099853515625,32921500
2021-02-26,1907.280029296875,1928.9000244140625,1888.550048828125,1912.25,54393700
2021-03-01,1949.5699462890625,1950.469970703125,1917.5799560546875,1925.93994140625,29771500
2021-03-02,1959.52001953125,1969.68994140625,1938.1300048828125,1947.449951171875,28968300
2021-03-03,1943.239990234375,1989.780029296875,1936.219970703125,1963.1700439453125,29320900
2021-03-04,1944.8599853515625,1951.02001953125,1914.5,1935.3599853515625,28794400
2021-03-05,1939.5899658203125,1952.969970703125,1927.5899658203125,1940.3199462890625,28372000
2021-03-08,1965.25,1968.1400146484375,1944.489990234375,1950.8499755859375,26761600
2021-03-09,1994.1800537109375,2010.3299560546875,1962.8499755859375,1966.81005859375,36782800
2021-03-10,2003.550048828125,2017.6199951171875,1997.6300048828125,1997.6300048828125,31707300
2021-03-11,1994.3800048828125,2020.760009765625,1983.6400146484375,2012.3599853515625,24282600
2021-03-12,2006.1099853515625,2012.9100341796875,1983.1099853515625,1993.989990234375,19551900
2021-03-15,2001.239990234375,2029.1700439453125,1997.760009765625,2012.3800048828125,19977000
2021-03-16,1981.4100341796875,2012.8399658203125,1977.1700439453125,2005.1500244140625,235800
2021-03-17,1939.010009765625,1976.469970703125,1912.97998046875,1976.469970703125,681900
2021-03-18,1960.75,1966.9000244140625,1938.050048828125,1941.9100341796875,30624100
2021-03-19,1927.56005859375,1954.8800048828125,1925.510009765625,1950.510009765625,68167100
2021-03-22,1929.1199951171875,1949.3699951171875,1921.5,1921.5,36853100
2021-03-23,1923.550048828125,1934.3699951171875,1905.9000244140625,1933.56005859375,22752400
2021-03-24,1899.949951171875,1910.72998046875,1888.3599853515625,1910.280029296875,29081200
2021-03-25,1876.8499755859375,1911.5699462890625,1868.06005859375,1901.8399658203125,31149300
2021-03-26,1918.7099609375,1925.47998046875,1887.6700439453125,1891.1099853515625,21565100
2021-03-29,1953.02001953125,1955.75,1922.2900390625,1922.2900390625,25516400
2021-03-30,1942.3199462890625,1969.47998046875,1935.9000244140625,1963.3399658203125,20454400
2021-03-31,1938.8399658203125,1954.4000244140625,1927.77001953125,1949.0,30611000
2021-04-01,1954.3800048828125,1959.18994140625,1937.1400146484375,1942.530029296875,28609500
2021-04-06,2012.8699951171875,2012.8699951171875,1965.1800537109375,1965.1800537109375,32044500
2021-04-07,1998.72998046875,2012.0799560546875,1990.1500244140625,2012.0799560546875,24860700
2021-04-08,1980.3199462890625,2006.989990234375,1971.260009765625,2004.550048828125,25515100
2021-04-09,1975.1099853515625,1987.550048828125,1964.050048828125,1981.22998046875,40173600
2021-04-12,1982.5799560546875,1983.8499755859375,1961.6099853515625,1975.050048828125,54895000
2021-04-13,1974.72998046875,1991.18994140625,1967.699951171875,1983.4000244140625,27867900
2021-04-14,2011.9599609375,2011.9599609375,1986.18994140625,1986.18994140625,28771200
2021-04-15,2019.2900390625,2024.6500244140625,2002.0400390625,2015.1099853515625,24157900
2021-04-16,2012.27001953125,2026.550048828125,2001.7099609375,2019.5,27393800
2021-04-19,1998.989990234375,2039.719970703125,1994.8499755859375,2016.0400390625,28602400
2021-04-20,1987.760009765625,2013.6099853515625,1983.449951171875,2001.9300537109375,26618000
2021-04-21,1982.4000244140625,1988.3599853515625,1968.97998046875,1987.93994140625,24041800
2021-04-22,1989.72998046875,2004.6400146484375,1986.5400390625,1986.5400390625,19124900
2021-04-23,1986.6300048828125,1990.800048828125,1961.7099609375,1990.1800537109375,25703700
2021-04-26,2005.0999755859375,2005.0999755859375,1978.8699951171875,1994.5400390625,18115900
2021-04-27,1998.9200439453125,2013.5699462890625,1996.4000244140625,2006.1700439453125,19353300
2021-04-28,2029.6400146484375,2033.7900390625,2000.1800537109375,2000.4000244140625,43348300
2021-04-29,2050.68994140625,2081.93994140625,2040.02001953125,2043.5899658203125,47082300
2021-04-30,2037.5899658203125,2065.469970703125,2037.199951171875,2061.0,26433700
2021-05-04,2004.0400390625,2046.239990234375,1999.81005859375,2046.239990234375,24344300
2021-05-05,2047.3599853515625,2052.169921875,2014.52001953125,2015.969970703125,21524200
2021-05-06,2046.6700439453125,2076.800048828125,2040.4000244140625,2053.199951171875,26381200
2021-05-07,2097.31005859375,2099.18994140625,2061.360107421875,2061.360107421875,25894400
2021-05-10,2115.699951171875,2142.570068359375,2108.340087890625,2115.7900390625,25939800
2021-05-11,2110.47998046875,2116.510009765625,2078.10009765625,2108.429931640625,46957900
2021-05-12,2091.389892578125,2123.469970703125,2084.77001953125,2112.889892578125,26483000
2021-05-13,2089.320068359375,2095.860107421875,2049.81005859375,2083.409912109375,32197700
2021-05-14,2092.800048828125,2103.300048828125,2062.639892578125,2096.9599609375,23112500
2021-05-17,2128.489990234375,2129.989990234375,2102.6201171875,2102.6201171875,22926000
2021-05-18,2136.5400390625,2154.1298828125,2132.830078125,2142.320068359375,28209900
2021-05-19,2115.14990234375,2129.8798828125,2107.330078125,2123.89990234375,26382800
2021-05-20,2131.179931640625,2134.929931640625,2100.72998046875,2121.010009765625,32573100
2021-05-21,2139.06005859375,2149.090087890625,2126.300048828125,2130.949951171875,29825900
2021-05-24,2134.179931640625,2139.330078125,2127.300048828125,2138.360107421875,19811700
2021-05-25,2153.780029296875,2157.820068359375,2131.93994140625,2144.0,28526000
2021-05-26,2164.889892578125,2172.5,2143.239990234375,2156.43994140625,33872900
2021-05-27,2207.469970703125,2208.22998046875,2165.530029296875,2167.52001953125,45274300
2021-05-28,2236.31005859375,2237.010009765625,2210.530029296875,2210.530029296875,27207900
2021-06-01,2233.3701171875,2268.179931640625,2226.590087890625,2234.8701171875,23316200
2021-06-02,2252.260009765625,2253.320068359375,2233.989990234375,2234.68994140625,24449500
2021-06-04,2254.590087890625,2261.389892578125,2230.68994140625,2252.840087890625,25159800
2021-06-07,2246.6298828125,2273.280029296875,2245.489990234375,2254.6201171875,21167900
2021-06-08,2237.610107421875,2247.110107421875,2223.199951171875,2241.030029296875,25075400
2021-06-09,2218.449951171875,2245.080078125,2215.179931640625,2239.72998046875,21212300
2021-06-10,2236.889892578125,2242.699951171875,2210.070068359375,2217.699951171875,22443200
2021-06-11,2224.669921875,2239.300048828125,2224.14990234375,2238.75,17318300
2021-06-14,2253.199951171875,2253.199951171875,2228.81005859375,2229.989990234375,12595800
2021-06-15,2230.3701171875,2269.2099609375,2230.10009765625,2262.550048828125,22220800
2021-06-16,2225.27001953125,2244.070068359375,2225.139892578125,2232.64990234375,24201600
2021-06-17,2211.580078125,2221.6201171875,2204.739990234375,2215.449951171875,23153300
2021-06-18,2220.679931640625,2224.419921875,2203.469970703125,2208.64990234375,50664700
2021-06-21,2219.449951171875,2223.35009765625,2189.239990234375,2210.860107421875,13477900
2021-06-22,2220.530029296875,2234.64990234375,2204.52001953125,2226.219970703125,17203500
2021-06-23,2233.699951171875,2238.659912109375,2217.360107421875,2222.929931640625,12351900
2021-06-24,2273.110107421875,2276.77001953125,2233.030029296875,2237.56005859375,21554500
2021-06-25,2282.4599609375,2291.3701171875,2269.550048828125,2271.929931640625,18348800
2021-06-28,2285.81005859375,2293.02001953125,2260.39990234375,2280.669921875,14426400
2021-06-29,2258.239990234375,2283.14990234375,2251.6201171875,2281.7099609375,20798600
2021-06-30,2218.409912109375,2264.360107421875,2218.409912109375,2257.6201171875,30173400
2021-07-01,2250.580078125,2255.330078125,2223.840087890625,2223.840087890625,26314000
2021-07-02,2252.179931640625,2269.39990234375,2249.909912109375,2258.56005859375,15005200
2021-07-06,2228.4599609375,2268.550048828125,2228.4599609375,2262.830078125,15379700
2021-07-07,2285.7900390625,2292.489990234375,2234.52001953125,2234.52001953125,24212300
2021-07-08,2234.60009765625,2280.6201171875,2230.6201171875,2280.6201171875,23271200
2021-07-09,2251.780029296875,2258.77001953125,2233.97998046875,2241.610107421875,14565700
2021-07-12,2255.47998046875,2262.35009765625,2244.10009765625,2253.56005859375,17277100
2021-07-13,2264.260009765625,2279.39990234375,2258.360107421875,2259.0,16105200
2021-07-14,2268.570068359375,2280.18994140625,2262.989990234375,2266.8798828125,17337600
2021-07-15,2260.489990234375,2281.760009765625,2255.35009765625,2268.010009765625,15890600
2021-07-16,2258.10009765625,2272.02001953125,2253.47998046875,2260.800048828125,13641100
2021-07-19,2205.860107421875,2254.47998046875,2196.010009765625,2254.47998046875,19846300
2021-07-20,2221.280029296875,2223.969970703125,2198.2900390625,2210.6298828125,17112000
2021-07-21,2241.969970703125,2254.330078125,2215.47998046875,2215.47998046875,17379200
2021-07-22,2229.860107421875,2252.949951171875,2226.2099609375,2247.68994140625,10956000
2021-07-23,2242.409912109375,2243.320068359375,2232.830078125,2234.320068359375,15031900
2021-07-26,2240.64990234375,2250.75,2221.139892578125,2249.570068359375,12551600
2021-07-27,2224.590087890625,2241.050048828125,2214.239990234375,2241.050048828125,10721100
2021-07-28,2245.760009765625,2249.219970703125,2217.760009765625,2223.199951171875,13816900
2021-07-29,2265.68994140625,2268.300048828125,2257.080078125,2257.080078125,16331600
2021-07-30,2253.449951171875,2258.760009765625,2244.22998046875,2254.070068359375,22442600
2021-08-03,2257.72998046875,2272.820068359375,2249.6298828125,2261.93994140625,15649100
2021-08-04,2272.090087890625,2280.64990234375,2261.60009765625,2262.050048828125,1248870000
2021-08-05,2270.669921875,2275.580078125,2259.760009765625,2270.830078125,1551970000
2021-08-06,2273.889892578125,2276.0,2255.610107421875,2272.530029296875,1471320000
2021-08-09,2274.47998046875,2279.89990234375,2267.139892578125,2271.56005859375,1038930000
2021-08-10,2277.22998046875,2284.7900390625,2268.3798828125,2275.6298828125,1281330000
2021-08-11,2283.68994140625,2283.68994140625,2261.469970703125,2272.929931640625,1617780000
2021-08-12,2297.719970703125,2297.719970703125,2277.18994140625,2281.080078125,1657120000
2021-08-13,2302.030029296875,2302.10009765625,2290.219970703125,2298.989990234375,1144710000
2021-08-16,2282.10009765625,2297.139892578125,2280.31005859375,2289.949951171875,1065870000
2021-08-17,2300.0400390625,2300.0400390625,2279.18994140625,2282.699951171875,1560080000
2021-08-18,2284.969970703125,2301.580078125,2275.030029296875,2300.18994140625,1345140000
2021-08-19,2260.02001953125,2270.949951171875,2240.780029296875,2270.179931640625,1968230000
2021-08-20,2255.56005859375,2263.510009765625,2247.35009765625,2263.510009765625,1420540000
2021-08-23,2287.52001953125,2290.919921875,2264.449951171875,2264.449951171875,2131990000
2021-08-24,2300.89990234375,2300.89990234375,2282.35009765625,2293.7900390625,1430980000
2021-08-25,2325.18994140625,2325.18994140625,2291.030029296875,2297.639892578125,1389090000
2021-08-26,2309.43994140625,2326.6201171875,2307.659912109375,2321.75,1005320000
2021-08-27,2323.77001953125,2323.77001953125,2295.889892578125,2310.6298828125,1184210000
2021-08-30,2350.22998046875,2350.929931640625,2324.669921875,2324.669921875,1372660000
2021-08-31,2368.030029296875,2379.6298828125,2347.72998046875,2347.72998046875,3099580000
2021-09-01,2371.159912109375,2387.4599609375,2367.659912109375,2367.659912109375,1798790000
2021-09-02,2391.93994140625,2391.93994140625,2363.260009765625,2375.0400390625,1896000000
2021-09-03,2380.820068359375,2393.7099609375,2370.7099609375,2392.260009765625,1436080000
2021-09-30,2310.2900390625,2314.35009765625,2294.47998046875,2299.330078125,3118080000
2021-10-01,2327.8798828125,2332.780029296875,2284.340087890625,2299.010009765625,1997550000
